use youtube;

INSERT INTO `accounts` VALUES ('71','Coty','Schmeler','shields.julian@example.com','840fcfa06daf2b2e486510e555d5d106de721a3f','1979-10-11','2546690841'),
('200','Loid','Kenya','shielddfan@example.com','b247633828f40e48b4c81a07f7b966217febf676','1984-08-30','557071'),
('72','Jedediah','Balistreri','ahmad33@example.com','b247633828f40e48b4c81a07f7b466217febf676','1983-08-30','557972'),
('73','Quinton','Lemke','mohammad.simonis@example.com','4070890d00d093c93214819e9af3ab43eeb46ca0','1970-06-27','1'),
('75','Lillie','O\'Conner','sharon.oberbrunner@example.com','6f72d624f5f58919cb46f36fc95755827b6a6fd5','1990-02-19','643743'),
('76','Irving','McKenzie','roberto.zemlak@example.net','da04976e865f70c653097c6955b9aa260b34f3c9','2010-01-05','669'),
('78','Savanna','Dickens','sdaniel@example.net','da39384c8bbf88b9d8b72d0101a47c532d2017cc','1999-12-07','617213'),
('79','Odell','Hamill','omills@example.net','47027a04ac72387f33447a84681adc932f16ac0d','2003-06-28','675'),
('80','Candida','Rempel','brakus.liliane@example.net','02170d529f9ae31ee45d86386ca03ca31e02c496','1976-07-19','379'),
('81','Emiliano','Boyle','romaine.fadel@example.org','5997236fcd4d1619d6fd685e22ab6e728d1bdff3','1972-07-29','363858'),
('82','Abraham','Grady','kauer@example.com','a67dd8a937887fbc396683ca3dd6a59684dd148c','1979-07-04','0'),
('84','Ramon','Friesen','pouros.geovany@example.net','8fc18b03d778ac5b89981c44407138472ab6c245','1971-07-26','90'),
('86','Alicia','Kling','braulio.kuhlman@example.org','53084c8e194a26ccec0395f1f76a9305f2527a9b','1991-04-23','918'),
('87','Francisca','Hand','everardo79@example.net','398f39a77e4ecd9c44b0664d3825e8daae76c77d','1999-02-25','1267385590'),
('88','Estel','Hoeger','fcorkery@example.com','6d4864ccba70fe7a2b13d9b6d8f0b8b8e578798b','1999-10-09','84'),
('96','Modesto','Hickle','jennings38@example.org','790312881c7e5fd9ea4d9374cd1966a18affc3aa','1981-07-26','79'),
('97','Oliver','Connelly','antone.stoltenberg@example.com','00dec71e1d6634e16545ce6d2a7215836b652800','1994-08-17','307'),
('101','Emie','Muller','kshlerin.mittie@example.net','86235587a5a701edfac025410a5c1bb4bf506754','2020-04-01','547'),
('102','Macey','Barrows','hgrant@example.com','71da07711d485c410a0f358066516706c51e2938','1975-04-07','22'),
('104','Wallace','Lynch','demetris.breitenberg@example.net','4ee8a3503ca9bfb3ba2dde13d613813790ae69fe','2002-06-15','300631'),
('105','Christina','Schmitt','eabshire@example.net','68568cd7dfe3e667790052e28273fd380201a3bf','1986-09-25','671'),
('107','Darrin','Robel','astoltenberg@example.com','c7dfcb48eba876378a05d8d9314363e0252cd199','2009-01-30','922'),
('108','Gianni','Simonis','bret25@example.net','76bc7c7710a283d3b09fb61e84c7b5c98ae447a3','2016-12-26','383491'),
('109','Madge','Schaefer','froob@example.net','0983005642e9fbc8058d928eb4dd82f791d234a0','1971-12-17','620580'),
('110','Evert','Swaniawski','frenner@example.net','59739b84d8e134f135b32fc10b382f3bc2100889','2018-10-10','516'),
('113','Jamel','Stamm','franco.ruecker@example.net','9095118baf011f9f4967cc1288272a1192fc9ae3','1979-06-26','283899'),
('115','Hector','Powlowski','ethyl.walter@example.net','efdfe293684cae7ea9881272ff28177c338655a6','2015-08-19','161651'),
('117','Matilda','Senger','mgreenholt@example.com','7a7f0bedaad90e7aed355a810bac1d593fcd9d73','1998-02-08','985'),
('118','Kelli','Ward','ramona17@example.net','c97a0dd1b3f82aef8635d361e0c44d33e73b3800','2007-11-07','557'),
('119','Jermey','Kling','ijakubowski@example.com','280ea45fc3bae56bb28da43658636ed51f376b7f','2009-04-26','213'),
('120','Blanca','Luettgen','kailyn38@example.org','4b76b6793329947f372d469079dc8202d5107a89','1999-07-02','191834'),
('121','Bridie','Bayer','wiegand.rodger@example.org','a093857460fbd69ffdeb355ea7194fa80cf19448','2017-06-07','567103125'),
('122','Anna','Cormier','wallace44@example.org','3378e1e312b6db9388ba72b83d49e01d6f7b8649','2003-07-08','7810139615'),
('123','Lavon','Upton','flavie91@example.com','3ad5663e091d90d49534c3482db6256af393245d','1990-04-25','193'),
('124','Gerard','Metz','calista.hammes@example.com','eaae29bb4ae66c70b244ecc68779fd41ccd2c71b','1986-06-29','558'),
('125','Sincere','Waters','nadia83@example.com','73d5ff2978d8b31698e5c8d493da28deac692535','2002-09-23','982527'),
('126','Lenna','Kessler','reichert.guadalupe@example.org','8f478683025f229fea2ce8b177fe849269984f82','2019-11-13','146'),
('127','Arnold','Adams','patrick33@example.org','300bca971444647e6af3b4bbf0aeecce3450a6d8','1978-01-11','927774'),
('129','Ernest','Vandervort','ddubuque@example.com','53e9ccc13f9a1ec543c2fbc4970c64ca8b049800','2013-08-20','614'),
('130','Craig','Lockman','berneice54@example.org','8ae6ec5785eb449bdddf85757adb94cd489ecebc','1981-09-16','495'),
('131','Emilia','Prohaska','alberta.green@example.org','3d229e3f2960a80a7e9812bda049597970b95b71','2005-02-28','723544'),
('134','Kassandra','Durgan','bhalvorson@example.org','dbcc492b5218b966297cc07000dff3d76be56213','2018-10-03','3508030481'),
('136','Luella','Haley','oma41@example.com','0e587eac1e4012409890451fafb6ef1e55c790bf','2007-04-06','40'),
('137','Ethel','Nitzsche','ruthe.beahan@example.org','1a954db53c292257b68287a1ad0cd3b70382b2a4','1988-09-04','8607053306'),
('139','Kody','Bartell','qhudson@example.com','35a4f776380025222b030b60634d524dfdd9bd26','1990-09-19','4167210209'),
('140','Karina','Konopelski','duncan.gislason@example.com','1234477c94afae00d6b5cc7f0563d1cf277dc62e','2018-05-07','6058901826'); 

INSERT INTO `photos` VALUES ('1','71','velit','2',NULL,'1972-02-23 17:52:02'),
('2','72','voluptas','592',NULL,'1991-09-24 06:28:48'),
('3','73','a','42022',NULL,'2019-10-18 11:21:46'),
('4','75','eum','98736472',NULL,'1989-10-09 21:47:43'),
('5','76','autem','155279859',NULL,'1971-02-09 04:45:51'),
('6','78','temporibus','4933',NULL,'1971-12-23 08:33:04'),
('7','79','et','97721288',NULL,'1975-10-27 04:21:57'),
('8','80','quis','8',NULL,'2014-08-16 07:27:15'),
('9','81','alias','408',NULL,'1981-06-21 18:44:01'),
('10','82','ex','34',NULL,'1991-08-19 07:44:25'),
('11','84','aut','29658755',NULL,'1970-07-15 12:54:24'),
('12','86','sint','976',NULL,'2013-02-01 13:34:53'),
('13','87','totam','31482',NULL,'2019-10-27 08:49:20'),
('14','88','iste','7235634',NULL,'1982-01-12 12:31:37'),
('15','96','numquam','53734510',NULL,'2018-04-07 11:19:35'),
('16','97','cum','182687',NULL,'2014-08-26 09:08:37'),
('17','101','voluptate','4782285',NULL,'2011-03-12 20:50:49'),
('18','102','eum','116076973',NULL,'2009-12-23 13:09:45'),
('19','104','aliquid','24956317',NULL,'1978-03-30 13:42:23'),
('20','105','nihil','5791',NULL,'1996-08-17 15:28:41'),
('21','107','porro','4336959',NULL,'2019-08-19 08:43:38'),
('22','108','qui','298827',NULL,'1987-12-13 14:02:06'),
('23','109','ducimus','584',NULL,'1970-11-19 02:32:21'),
('24','110','sed','63050',NULL,'1999-01-31 13:34:59'),
('25','113','recusandae','790',NULL,'1977-03-04 14:36:15'),
('26','115','mollitia','4303',NULL,'2015-04-11 23:02:19'),
('27','117','voluptatibus','994606936',NULL,'1986-05-12 04:41:49'),
('28','118','eligendi','223153',NULL,'1976-01-28 19:13:17'),
('29','119','aut','60',NULL,'2013-12-01 07:26:56'),
('30','120','deleniti','26802087',NULL,'1989-09-03 17:36:34'),
('31','121','consectetur','64731620',NULL,'1998-10-26 02:34:56'),
('32','122','odit','0',NULL,'1976-09-30 08:38:33'),
('33','123','repudiandae','16776749',NULL,'1975-06-26 06:05:46'),
('34','124','et','4972890',NULL,'1992-08-20 15:19:11'),
('35','125','rem','95155676',NULL,'1973-03-16 18:41:13'),
('36','126','voluptas','349',NULL,'1988-11-02 00:09:03'),
('37','127','voluptas','0',NULL,'2017-12-07 13:30:57'),
('38','129','provident','8006991',NULL,'1985-12-07 03:11:19'),
('39','130','eos','139',NULL,'1979-05-02 08:41:33'),
('40','131','veritatis','616194',NULL,'2007-03-27 12:26:33'),
('41','134','placeat','0',NULL,'1996-06-26 11:09:09'),
('42','136','officia','5038820',NULL,'2001-11-12 14:56:28'),
('43','137','qui','543471',NULL,'1972-10-31 10:38:08'),
('44','139','aut','17163',NULL,'1981-06-25 18:56:07'),
('45','140','doloribus','0',NULL,'1970-01-14 23:17:49'),
('46','71','nisi','0',NULL,'2011-08-21 07:01:06'),
('47','72','doloribus','5468462',NULL,'1979-01-21 02:02:24'),
('48','73','est','5',NULL,'2005-07-07 05:37:04'),
('49','75','ut','29375',NULL,'1984-07-05 17:23:34'),
('50','76','laborum','0',NULL,'2012-11-24 05:00:31'); 

INSERT INTO `channels` VALUES ('71','eaque','Kenya','1997-07-27 16:24:55','1'),
('200','vukg','Kenya','1998-07-27 15:24:55','1'),
('72','possimus','Gabon','2011-07-28 09:11:47','2'),
('73','incidunt','United Kingdom','2010-05-12 10:02:29','3'),
('75','quae','Christmas Island','2011-01-13 10:50:14','4'),
('76','blanditiis','United Arab Emirates','1994-08-10 10:13:32','5'),
('78','mollitia','Qatar','1996-01-10 04:42:34','6'),
('79','et','Niger','1988-12-04 20:18:45','7'),
('80','minus','Germany','1995-03-12 13:45:18','8'),
('81','voluptas','Bulgaria','1996-03-09 16:07:53','9'),
('82','fuga','Georgia','1977-08-20 13:58:39','10'),
('84','vitae','Wallis and Futuna','1984-02-10 12:04:10','11'),
('86','in','Chad','1999-11-03 05:45:59','12'),
('87','harum','Samoa','2006-12-28 20:15:30','13'),
('88','optio','Morocco','2012-10-05 15:52:28','14'),
('96','veritatis','American Samoa','2006-10-22 09:52:43','15'),
('97','voluptas','South Georgia and the South Sandwich Islands','2008-02-16 16:08:56','16'),
('101','sit','Saint Helena','1994-09-01 15:39:25','17'),
('102','laboriosam','Andorra','2008-02-01 18:56:44','18'),
('104','quam','Anguilla','2015-04-29 19:31:10','19'),
('105','reiciendis','Mayotte','1982-06-18 23:39:41','20'),
('107','atque','Sri Lanka','1987-12-16 19:15:32','21'),
('108','sunt','Norway','2017-08-04 03:26:53','22'),
('109','et','Lao People\'s Democratic Republic','2012-10-04 08:41:58','23'),
('110','laudantium','Zimbabwe','1972-10-17 06:41:42','24'),
('113','et','Bolivia','1997-01-06 16:13:02','25'),
('115','repudiandae','Guam','2019-10-21 07:51:08','26'),
('117','magnam','Northern Mariana Islands','2002-11-21 18:47:52','27'),
('118','sequi','Guatemala','1996-08-21 19:16:39','28'),
('119','ut','Costa Rica','1979-03-23 10:18:50','29'),
('120','natus','United States Minor Outlying Islands','1999-12-16 20:57:34','30'),
('121','aut','Macao','2002-09-09 20:04:12','31'),
('122','quas','Andorra','2006-10-27 01:09:04','32'),
('123','perferendis','Turks and Caicos Islands','1970-08-20 04:23:44','33'),
('124','quia','Thailand','1989-10-06 21:20:17','34'),
('125','aliquid','Faroe Islands','1984-01-11 12:51:32','35'),
('126','expedita','Zambia','1973-06-24 06:03:27','36'),
('127','voluptas','Bahamas','1983-01-22 04:52:12','37'),
('129','blanditiis','Kiribati','1974-01-15 03:37:38','38'),
('130','quae','Argentina','2000-04-22 01:33:16','39'),
('131','voluptatem','Spain','1982-07-23 10:25:26','40'),
('134','inventore','Latvia','1976-10-28 09:45:49','41'),
('136','aut','Sao Tome and Principe','1971-08-27 23:32:25','42'),
('137','ut','Guyana','2004-01-12 08:05:38','43'),
('139','excepturi','India','2019-05-28 03:42:24','44'),
('140','aut','Netherlands Antilles','1991-08-19 22:21:45','45'); 
	
INSERT INTO `subscriptions`(account_id, channel_id, status) VALUES 
('75', '81', 'subscribed'),
('96', '84', 'subscribed'),
(79, 81, 'subscribed'),
(78, 81, 'subscribed'),
(105, 104, 'subscribed'),
(86, 137, 'subscribed'),
(136, 81, 'subscribed'),
(140, 134, 'subscribed'),
(140, 131, 'subscribed'),
(140, 127, 'subscribed'),
(129, 75, 'subscribed');

INSERT INTO `video_category` VALUES ('1',' education'),
('2',' sport'),
('3',' music'),
('4',' animals'),
('5','film'),
('6',' comedy'); 

INSERT INTO `videos` VALUES ('1','1','suscipit','71','Id ex sunt voluptatem odio suscipit vitae. Ullam cumque perspiciatis repellendus illo eligendi. Asperiores saepe enim nisi porro quia incidunt perspiciatis non.','private',NULL,'7','2015-07-15 08:02:09','1'),
('2','2','ducimus','72','Est dolores et iure aut. Voluptas temporibus et adipisci aut. Suscipit sint consequatur ad numquam.','unlisted',NULL,'993','1986-08-06 12:36:08','2'),
('3','3','quisquam','73','Eos maiores dolor iste voluptatum dolorum quidem ipsum. Hic est officia et consectetur. Incidunt odit dolor adipisci rerum sint qui. Quae voluptas ad sit error natus nobis quod.','public',NULL,'51686','1972-05-13 15:59:37','3'),
('4','4','illo','75','Voluptates modi aut qui excepturi laborum sunt minima. Qui non illum quasi ducimus aut ullam. Aut quas qui non est ut. Soluta corrupti non doloremque iusto.','private',NULL,'33752','2018-07-30 02:15:57','4'),
('5','5','id','76','Libero fuga hic expedita. Modi atque cupiditate culpa et nihil voluptas quis. Quo repudiandae distinctio minus non. Placeat amet qui quia.','unlisted',NULL,'541763','2019-02-11 21:21:23','5'),
('6','6','ea','78','Illum fuga cupiditate amet facere ipsam ipsa. Similique officiis omnis neque dicta assumenda. Mollitia odit excepturi eum et fugit.','unlisted',NULL,'661','1974-05-26 05:00:22','6'),
('7','1','earum','79','Eveniet quis ullam fugit sunt consequuntur ut delectus repellat. Vel animi repudiandae harum vel nam. Non qui rerum cumque maxime voluptas odio ratione. Dolor autem et non. Dolor non sunt consectetur possimus.','public',NULL,'534066555','1989-01-07 19:01:03','7'),
('8','2','voluptatibus','80','Velit atque qui vel adipisci repellendus. Cumque sapiente blanditiis aut autem voluptatem minima fuga.','public',NULL,'0','1992-04-06 21:21:24','8'),
('9','3','magni','81','Molestiae quo rerum qui aut. Quia quos ipsum laborum. Et quod et neque est velit ea dolorem. Vero consequatur ut doloremque.','private',NULL,'5','1976-10-06 06:31:47','9'),
('10','4','deserunt','82','Iure ut nam magni esse sed dignissimos fuga. Facilis ipsam enim molestiae voluptatum. Itaque odit est odio provident ut quia.','public',NULL,'79','2018-07-04 01:07:41','10'),
('11','5','voluptas','84','Maxime sunt distinctio officiis id laborum pariatur iure. In iste facere dolorum quia aut. Id commodi inventore enim sapiente fuga consequatur reprehenderit.','public',NULL,'222724','2014-07-22 14:08:15','11'),
('12','6','id','86','Aliquid pariatur nemo quis ab et asperiores numquam. Aperiam voluptatem quia adipisci id quo voluptatem nesciunt sed. Est quae modi consequatur repudiandae quia.','unlisted',NULL,'0','2017-07-29 14:20:07','12'),
('13','1','recusandae','87','Porro quis aut dolores eum. Aut et aut maiores. Odio neque ratione vitae. Vel est suscipit et sed.','unlisted',NULL,'375','2008-12-22 13:00:24','13'),
('14','2','aut','88','Aspernatur officia voluptatum consectetur possimus. In qui qui accusamus qui eius dolor.','private',NULL,'982','1987-10-27 00:03:06','14'),
('15','3','voluptas','96','Expedita asperiores et corrupti ipsam sit est cupiditate. Sint expedita odio dolorem rerum. Ullam natus nisi iure culpa alias enim.','unlisted',NULL,'36661','1986-04-03 13:24:34','15'),
('16','4','eum','97','Est exercitationem ex ab sit id fuga. Voluptatibus est facere facilis. Maxime iusto assumenda qui qui. Et ex tempora illo esse et velit repudiandae.','unlisted',NULL,'69','1996-11-08 22:27:38','16'),
('17','5','quod','101','Atque laudantium omnis voluptatem quos. Amet et omnis quia perspiciatis assumenda asperiores odit. Et beatae laboriosam non adipisci dolores odio soluta. Nobis ea vel consequatur aut magni quis.','private',NULL,'165055787','1992-08-17 04:09:27','17'),
('18','6','iste','102','Maxime qui voluptate quis eum. Expedita et saepe sit delectus. Et consequatur veniam totam sunt ipsum sit aliquid. Architecto natus earum velit.','private',NULL,'78955','2013-08-07 13:44:11','18'),
('19','1','accusantium','104','Ratione quo maiores et ipsam omnis. Sunt omnis recusandae debitis quo dolores et necessitatibus alias. Ab est corrupti molestiae nihil doloremque dignissimos omnis.','private',NULL,'83566','1990-02-06 17:53:04','19'),
('20','2','sint','105','Quis ea recusandae facere ex culpa iste similique. Voluptatem eum distinctio quae. Assumenda ratione ut est dolorum velit.','unlisted',NULL,'74122784','1984-09-23 06:21:56','20'),
('21','3','a','107','Sed id inventore laborum enim dolor maiores accusantium. Soluta enim id dolorem voluptatibus natus quia nihil. Atque modi est ullam corporis sequi labore magni optio. Odio doloribus qui ut eum saepe blanditiis beatae.','public',NULL,'60','1989-06-12 14:03:28','21'),
('22','4','adipisci','108','Numquam ut iure distinctio accusamus quia aspernatur quia. Nesciunt et et tenetur tempore voluptatem temporibus. Reiciendis necessitatibus minus quis.','public',NULL,'71632','2001-07-02 23:52:30','22'),
('23','5','explicabo','109','Qui molestiae ab velit. Occaecati facere et ea laboriosam minima quisquam amet.','public',NULL,'0','1989-01-05 00:18:47','23'),
('24','6','provident','110','Totam et repellendus eius tempore qui mollitia ad. Aliquam quo omnis nihil excepturi in aut enim. Debitis qui aliquid cumque est. Dolorem modi fuga qui magni illum sed magnam.','unlisted',NULL,'688900','2008-10-21 14:38:11','24'),
('25','1','debitis','113','Vel quo necessitatibus doloremque repellat autem et tenetur. Accusamus id ut porro eos repudiandae tenetur ut. Accusantium dolor repudiandae et velit aspernatur optio omnis. Odit ipsa assumenda eum neque aspernatur.','unlisted',NULL,'91844199','2008-03-30 07:17:12','25'),
('26','2','et','115','Neque est non nesciunt blanditiis quo quisquam nostrum. Sint fugit similique qui quas reiciendis ratione voluptatem. Saepe possimus voluptates consequatur.','private',NULL,'0','1980-04-13 01:39:39','26'),
('27','3','eos','117','Voluptas ipsa libero culpa eius. Autem veritatis deleniti natus commodi culpa. Esse quisquam maiores sed autem voluptatum.','unlisted',NULL,'298366','2016-05-10 07:18:03','27'),
('28','4','assumenda','118','Ab et est ratione. Consequuntur molestias velit inventore eligendi. Et et blanditiis et iste voluptas. Expedita nulla at voluptatibus asperiores rerum sapiente.','unlisted',NULL,'543089','1976-04-29 01:45:25','28'),
('29','5','autem','119','Molestiae aut omnis ea debitis. Deleniti dolorem id omnis. Harum sed pariatur consectetur dolores facere autem. Enim rerum ea aut illo id praesentium.','unlisted',NULL,'69324097','1987-02-21 10:17:05','29'),
('30','6','molestias','120','Ipsum id sunt quo qui. Voluptatem dolor soluta dolorum nulla et culpa debitis veritatis. Quisquam amet aut qui voluptas impedit. Enim rem quam placeat facilis quis cumque. Illo omnis nesciunt est mollitia.','public',NULL,'119560','2002-11-10 19:48:21','30'),
('31','1','et','121','Voluptas sed molestias esse et nihil. Necessitatibus quibusdam molestiae consequatur. Est enim rerum alias non saepe.','private',NULL,'1296652','2013-08-01 13:43:14','31'),
('32','2','fugit','122','Laborum quae nihil sint praesentium totam libero. Id praesentium incidunt aut mollitia aperiam optio fuga. Tenetur sit natus ut. Qui inventore non quos dicta nostrum.','public',NULL,'0','2000-08-22 07:07:43','32'),
('33','3','molestias','123','Fugit dolores exercitationem voluptatem recusandae ex voluptas maiores accusamus. Voluptatem ducimus similique qui tempore. Praesentium dolorem libero soluta esse sint dolores. Voluptate quam iure est. Sit aut aut perspiciatis magnam officiis.','public',NULL,'0','1978-02-25 21:32:32','33'),
('34','4','unde','124','Nostrum maiores magni facilis. Exercitationem et enim rerum ad laborum eveniet. Qui tempora nihil nemo sed sunt. In sed maiores quaerat vel velit autem excepturi.','unlisted',NULL,'840','1989-10-08 20:30:44','34'),
('35','5','ut','125','Voluptatem id eaque qui aperiam provident nihil id. Dicta dolorem quo suscipit sit amet odio. Minima voluptatem possimus velit consequatur rem voluptatem vel. Ad vel debitis alias veniam sed sed animi. Voluptate earum odit ut nisi et.','private',NULL,'850068','2001-08-11 07:24:30','35'),
('36','6','rerum','126','Minus quos perferendis qui numquam. Sunt explicabo at facilis eos. Enim ut iusto aut.','public',NULL,'249404','1996-02-02 15:14:35','36'),
('37','1','facilis','127','Sed voluptas officiis corporis suscipit porro cupiditate assumenda. Cumque velit repudiandae perspiciatis dolor. Dolorem eveniet quia animi rerum. Tempora qui consequuntur ducimus porro quaerat provident itaque.','public',NULL,'177341774','1976-06-07 14:52:08','37'),
('38','2','distinctio','129','Ut in consequatur dolorum molestiae aperiam asperiores porro sunt. Fuga est ut sed dolore. Quisquam dolor totam veniam exercitationem temporibus placeat aut odit.','public',NULL,'802','2007-01-24 03:57:14','38'),
('39','3','error','130','Magnam sunt facilis assumenda aperiam dolorem hic. Consequuntur eos qui quod id est. Voluptas sapiente atque facilis voluptas eveniet illum commodi.','private',NULL,'714022','1990-07-09 08:05:32','39'),
('40','4','voluptatem','131','Alias et harum ratione doloremque. Ea autem hic rerum error. Consequatur reiciendis reiciendis facere culpa sequi. Quisquam molestias vel nulla est distinctio dolorem dolorem similique.','unlisted',NULL,'7088','2002-02-16 00:20:41','40'); 

INSERT INTO `video_likes_dislikes` VALUES ('1','like','71','1','1996-10-26 03:03:49','1996-03-07 04:13:10'),
('2','dislike','72','2','2012-12-17 08:35:39','2009-10-03 06:26:12'),
('3','dislike','73','3','2008-02-01 22:26:58','2018-06-07 01:31:25'),
('4','dislike','75','4','2002-08-01 04:31:08','1992-06-25 11:32:12'),
('5','like','76','5','1993-10-24 07:58:20','2003-08-22 04:53:32'),
('6','dislike','78','6','2008-01-26 07:22:27','1990-03-17 21:59:50'),
('7','dislike','79','7','2004-06-08 17:49:16','1973-04-29 17:07:22'),
('8','dislike','80','8','1991-12-16 02:08:35','1978-08-20 06:47:42'),
('9','like','81','9','1978-08-07 21:08:52','1978-08-01 17:43:43'),
('10','like','82','10','1970-05-26 19:38:01','2002-06-17 12:00:38'),
('11','like','84','11','2005-10-15 00:39:20','1971-04-22 01:16:03'),
('12','dislike','86','12','2018-09-18 15:41:38','1981-12-21 07:20:55'),
('13','like','87','13','2016-06-18 12:52:52','1992-07-20 20:31:04'),
('14','dislike','88','14','2002-09-21 22:44:46','1985-02-07 23:11:13'),
('15','dislike','96','15','1981-05-30 00:11:27','1996-11-25 18:26:58'),
('16','like','97','16','2010-12-10 15:08:50','1991-05-28 17:34:28'),
('17','dislike','101','17','2020-01-08 11:16:46','1973-09-03 09:09:19'),
('18','like','102','18','2011-06-15 06:51:54','2004-03-27 17:07:04'),
('19','dislike','104','19','2020-04-08 08:04:49','1970-05-06 15:29:44'),
('20','like','105','20','2017-07-10 22:30:39','1986-07-05 19:40:10'),
('21','like','107','21','2004-11-08 03:41:04','2012-08-27 07:21:10'),
('22','like','108','22','1983-10-22 06:42:15','2013-01-25 03:48:12'),
('23','dislike','109','23','1988-02-09 11:52:08','2008-07-09 22:12:36'),
('24','dislike','110','24','1987-02-25 15:33:20','1975-07-25 12:09:57'),
('25','like','113','25','1999-06-06 17:09:10','2004-04-24 11:08:22'),
('26','like','115','26','1971-02-12 07:00:16','1979-03-05 04:05:27'),
('27','dislike','117','27','1993-04-08 17:10:50','2013-07-14 23:43:11'),
('28','like','118','28','1993-03-11 01:36:24','2019-04-24 01:52:57'),
('29','dislike','119','29','2000-11-27 21:48:18','2014-07-29 11:46:05'),
('30','like','120','30','1977-07-04 02:27:47','2010-07-25 19:36:59'),
('31','dislike','121','31','2007-07-21 10:11:35','1988-05-23 12:26:55'),
('32','like','122','32','2002-04-08 07:54:55','1997-12-17 06:36:06'),
('33','dislike','123','33','1976-09-01 13:33:46','2011-05-24 12:21:37'),
('34','like','124','34','1999-03-01 12:16:06','2002-08-05 11:37:02'),
('35','like','125','35','2015-12-12 23:37:18','2009-06-07 16:03:25'),
('36','dislike','126','36','1988-09-09 06:03:50','1995-12-31 12:07:45'),
('37','dislike','127','37','1995-12-12 07:27:44','1990-04-11 21:54:27'),
('38','dislike','129','38','1977-04-04 21:01:17','2020-01-01 20:05:39'),
('39','like','130','39','2007-04-28 15:09:16','2017-08-10 21:24:04'),
('40','dislike','131','40','1994-09-27 02:42:35','1978-11-09 08:25:50'),
('41','dislike','134','1','2020-04-18 19:32:38','1978-01-28 10:21:46'),
('42','dislike','136','2','1993-03-17 16:40:05','1986-09-23 02:22:37'),
('43','dislike','137','3','2014-08-04 22:17:48','1971-10-02 20:37:29'),
('44','like','139','4','2016-11-15 15:45:00','2001-06-15 10:43:27'),
('45','dislike','140','5','2008-03-03 09:46:32','2008-10-29 04:10:42'),
('46','like','71','6','2011-03-31 21:20:17','1992-11-28 21:37:46'),
('47','dislike','72','7','2007-12-13 05:10:25','2019-06-21 06:54:39'),
('48','dislike','73','8','1993-04-17 14:36:16','2000-02-02 21:19:47'),
('49','like','75','9','2017-09-16 18:29:37','2011-11-28 17:03:02'),
('50','dislike','76','10','1996-04-18 09:57:14','1977-08-08 06:47:00'),
('51','dislike','78','11','1980-09-06 02:24:18','1976-06-29 07:23:41'),
('52','dislike','79','12','1985-11-19 04:35:40','1988-09-27 05:44:56'),
('53','dislike','80','13','2004-03-09 19:13:06','1977-10-25 17:08:25'),
('54','dislike','81','14','2010-05-15 18:19:01','1995-05-19 14:29:30'),
('55','dislike','82','15','1984-04-10 00:58:26','1998-06-26 09:44:39'),
('56','dislike','84','16','1989-11-02 21:39:52','1993-09-11 18:37:31'),
('57','like','86','17','2013-09-09 14:53:35','1992-06-02 04:00:17'),
('58','dislike','87','18','1975-07-21 01:08:55','1981-12-23 17:34:36'),
('59','dislike','88','19','2014-08-22 03:32:19','1973-06-22 18:40:02'),
('60','dislike','96','20','2019-06-19 16:36:23','2011-02-15 17:42:20'); 

INSERT INTO `comments` VALUES ('1','71','1','2019-09-10 16:34:48','Voluptas maxime rerum ut laboriosam laudantium. Debitis sed sit asperiores qui sed. Labore eveniet iste excepturi modi esse voluptatem.'),
('2','72','2','2000-05-02 12:26:25','Enim ab facilis sunt dignissimos. Facilis at in molestiae soluta minima cum optio. Non dicta quae rerum quia possimus asperiores sapiente. Nesciunt itaque suscipit quis provident provident eum et.'),
('3','73','3','2012-04-21 08:22:51','Esse nisi quaerat sed non iste necessitatibus quidem. Doloremque qui placeat sit ut nemo qui. Reprehenderit saepe ut sit voluptatibus nam. Voluptatibus architecto adipisci cupiditate sit qui commodi minus.'),
('4','75','4','1972-05-06 02:27:24','Illum laboriosam facilis in beatae. Dolores id et sit dolorem. Sint natus molestiae et dolores ipsum voluptatibus minus. Omnis magni maxime vero id dignissimos repellat aperiam.'),
('5','76','5','1980-03-16 01:25:17','Quia fuga suscipit omnis est expedita quidem porro est. Delectus aut deserunt dolore aut consequatur enim eligendi. Reiciendis velit quos neque exercitationem alias esse.'),
('6','78','6','1990-12-12 15:49:31','In est consectetur animi molestiae sed dolorem sit. Recusandae qui non rerum id rerum. Sint atque molestiae culpa dignissimos sit earum.'),
('7','79','7','2007-02-07 16:55:51','Illo autem id ut. Nisi dolor quis vero cupiditate doloribus. Sint consequatur reprehenderit delectus numquam veniam perferendis sed reprehenderit. Sed velit ut et pariatur repellendus.'),
('8','80','8','1986-07-05 19:30:55','Minus eum consectetur dolore sint numquam esse. Porro provident omnis earum officiis. Quo reprehenderit fugit vel ut sit.'),
('9','81','9','1987-04-16 14:50:34','Dignissimos voluptates ut minus. Facere ut maxime et tenetur eum sint tempore inventore.'),
('10','82','10','2009-01-17 14:35:50','Tempora qui sed rerum. Deleniti sunt voluptates voluptatum et. Non et voluptate laboriosam cum explicabo repellendus. Dolorum aut magni consectetur et facere.'),
('11','84','11','1984-06-19 20:21:22','Sapiente excepturi qui suscipit voluptatem repellat similique reiciendis. Et praesentium facere autem ipsa. Corrupti libero quae nobis.'),
('12','86','12','2009-08-15 15:40:11','Ea ut dolor ipsa magni et dicta veniam. Non sit quia temporibus nihil velit ea debitis. Quis natus ut dolor ut asperiores quia.'),
('13','87','13','1986-04-04 17:09:45','Accusantium officiis nisi dolor est libero. Facere aut in alias reprehenderit amet saepe. Et consequuntur voluptatibus eveniet exercitationem ipsa quos.'),
('14','88','14','1990-12-29 23:38:40','Eum blanditiis molestias velit et eos voluptatem. Fuga repellendus itaque eveniet et. Fuga repudiandae et maxime animi perspiciatis ducimus repellendus explicabo.'),
('15','96','15','1990-08-27 08:35:04','Voluptate perferendis et eius totam amet. Quia aut non laudantium impedit modi aut voluptates. Fugiat ut dolore rerum ab eius iste rerum neque. Blanditiis doloribus ipsum voluptatum numquam vero qui.'),
('16','97','16','1989-12-20 23:46:18','Harum officia ducimus modi qui debitis quo sit provident. Optio qui quidem iusto beatae. Sapiente repellendus eum non eos necessitatibus est. Labore dolores porro ea sit omnis.'),
('17','101','17','2007-03-11 21:17:30','Libero earum repellendus dicta natus ad at qui vel. Maxime molestiae fuga aliquid eius sint. Voluptates placeat hic possimus minus. Modi maxime sapiente ratione id ducimus error.'),
('18','102','18','1971-03-13 07:33:43','Illo et qui eius tempore. Dolorem et reiciendis nobis repellendus. Ea eius temporibus quod. Est dignissimos voluptatem praesentium tempora.'),
('19','104','19','1979-09-05 19:01:27','Corporis maxime doloremque aliquid velit eos qui dignissimos. Quam provident est et esse rerum ratione. Neque quidem quasi iure est iusto rerum.'),
('20','105','20','1976-03-27 01:47:20','Iusto dolorem corporis ut iure ut consectetur eligendi. Dolore aut alias rerum fugit sunt illo. Et quia adipisci et et et cum.'),
('21','107','21','1977-11-14 10:21:23','Aut quis repellendus deserunt. Tenetur voluptatum enim iusto incidunt corporis aliquid occaecati. Autem consequuntur quia corporis aut quos optio.'),
('22','108','22','1989-11-24 13:00:38','Harum non et enim dignissimos vel aut eveniet autem. Eius amet unde fuga. Qui laboriosam placeat sit magnam dicta.'),
('23','109','23','1978-04-04 01:52:13','Earum id harum qui deserunt autem voluptas aspernatur. Doloribus atque et fugiat sunt et autem voluptatum. Et voluptatem et ea quod velit libero quae. Ab dignissimos est placeat quas et.'),
('24','110','24','1999-02-10 06:36:02','Quis sunt ducimus ut asperiores illum et sunt nisi. Tenetur et quia minima soluta aut. Explicabo quia numquam eaque eveniet et voluptate velit. Labore aut et aut quo blanditiis ad.'),
('25','113','25','1994-11-03 22:31:03','Sit similique quo a amet qui cum. Ut quia nam qui fuga tempora accusamus. Aliquam asperiores maiores cumque qui. Nam voluptatem ut necessitatibus ut libero est corrupti. Error blanditiis sit voluptas commodi vero.'),
('26','115','26','1973-12-02 21:59:01','Sint sunt aut facere veniam at. Ipsum nisi officiis quis non rerum voluptates.'),
('27','117','27','1973-03-09 11:22:01','Rem sed animi facilis qui rerum totam. Necessitatibus voluptate voluptatem inventore quae. Sunt fuga amet et doloremque debitis sequi tempore. Voluptas qui voluptatem accusamus officia sint voluptatem est.'),
('28','118','28','1999-07-31 02:35:50','Ratione cumque est et quo totam sed. Quae aliquam quos illo qui accusamus reiciendis molestias nesciunt. Est debitis aut ea consequuntur fuga autem.'),
('29','119','29','1979-12-28 19:58:00','Voluptas cum quis quidem ut porro natus soluta aspernatur. Voluptatem qui ut alias dolor ut explicabo soluta. Excepturi saepe labore dolor est aliquid.'),
('30','120','30','1998-03-03 03:26:13','Veritatis natus consectetur quis numquam incidunt molestiae aliquid. Tempore corrupti reprehenderit omnis veniam libero tenetur.'),
('31','121','31','1977-11-07 18:38:14','Dicta non veritatis mollitia error laboriosam est et. Eveniet harum est rerum aut. Aspernatur eligendi nostrum eos consequuntur harum qui omnis. Et cumque enim et nostrum et ullam sed.'),
('32','122','32','1997-01-18 01:59:48','Ea doloremque sit illum qui. Et enim quos temporibus. Accusantium sapiente nulla nostrum corporis est.'),
('33','123','33','1987-04-06 06:38:39','Asperiores reiciendis excepturi est pariatur ut. Molestiae quidem qui atque ut et voluptatem perspiciatis. Architecto omnis qui perferendis libero aspernatur unde repellat autem. Nihil quo voluptatem excepturi. Voluptatem aut vel totam quis repudiandae eos.'),
('34','124','34','1973-05-17 03:30:21','Est corrupti et cupiditate dolorem inventore rerum et. Repudiandae non laboriosam nobis dolorem. Rerum numquam fugit nisi tempore et saepe.'),
('35','125','35','1971-11-15 01:17:31','Cupiditate a odio et. Quod harum molestiae rerum et. Ab ipsam deleniti ex voluptas alias quis dolores. Sit consequatur aut temporibus amet doloribus porro.'),
('36','126','36','1999-12-18 02:08:24','Voluptas et assumenda temporibus hic. Natus ipsum quis similique reiciendis ut. Voluptates aut modi nihil voluptates. Voluptate inventore voluptatibus suscipit autem dolorem ab occaecati sunt.'),
('37','127','37','1984-09-23 03:58:55','Quo molestiae molestias eius dolorum quidem. Natus possimus odio est nostrum ducimus. Vitae et voluptatem aut. Eum esse laboriosam incidunt a voluptas.'),
('38','129','38','1986-09-13 08:36:23','Placeat tempore sit aut in iste ut dolorem. Iusto odit fugit velit dolorum accusamus optio dolorem. Assumenda totam delectus quo accusamus rerum excepturi consequuntur nulla. Pariatur ipsum reiciendis deserunt quibusdam eligendi sunt et.'),
('39','130','39','2013-06-17 20:26:01','Est deleniti eos laudantium quam dicta temporibus. Molestias ut et ea est. Placeat ea earum rem. Quo aut quia et quis occaecati ea.'),
('40','131','40','1993-07-23 00:21:25','Doloribus aut ipsa quod aut officia accusamus. Eveniet voluptatem voluptas dolorum reprehenderit fugiat. Cum sit quaerat fuga. Qui quas voluptas sed ad sed cupiditate.'),
('41','134','1','1992-05-13 01:21:00','Ea quasi voluptatem veniam alias. Minima molestiae placeat fuga eius voluptatem. Adipisci aliquid id explicabo. Vel saepe quis ullam natus.'),
('42','136','2','1991-08-04 19:56:23','Fuga perspiciatis voluptatem ducimus consequatur. Debitis nihil tenetur similique eum voluptas quia omnis. Et necessitatibus eum magni voluptatem fugiat ut numquam. Aut molestiae velit perspiciatis possimus dolorem ea.'),
('43','137','3','1994-11-14 14:24:36','Libero error aspernatur praesentium odit provident. Consequuntur rerum illum vero consequuntur at illum. Eligendi consequatur maiores repellendus eligendi omnis quas debitis.'),
('44','139','4','1988-01-01 10:51:42','Repellendus qui alias qui similique. Dolorem et et expedita dolorem.'),
('45','140','5','2008-01-07 23:24:40','Expedita laborum minima quisquam omnis. Nulla expedita hic quo quis architecto. Omnis quis voluptatem et magni nulla vel voluptatem qui.'),
('46','71','6','1984-07-20 04:42:31','Dolorem esse excepturi exercitationem at assumenda nisi corrupti qui. Voluptatem libero et explicabo quisquam. Commodi doloribus ut qui sunt harum eum non.'),
('47','72','7','2010-04-08 14:06:15','Rerum natus debitis molestiae et tempore. Officia ut qui laudantium omnis autem et totam quae. Debitis quis illum quo quibusdam sunt. Officiis qui similique et exercitationem aperiam. Fugiat aspernatur consequatur et.'),
('48','73','8','1977-05-02 19:37:52','Pariatur velit consequatur culpa fuga quia iusto officiis. Et maiores nam et qui excepturi laboriosam optio. Mollitia dolor eos odio fugit aut architecto natus. Error molestias fugiat sunt quis et optio dolor.'),
('49','75','9','1999-06-15 12:29:36','Deserunt odit magni molestiae consequatur ipsam. Fuga nihil sunt dolores est maiores et itaque. Voluptatem harum in nihil. Odio est in incidunt enim distinctio rerum.'),
('50','76','10','1971-02-21 17:59:20','Id quasi velit quidem officiis sint. Eius sed non odio inventore dignissimos itaque. Similique sed dignissimos dolorem recusandae voluptatem provident.'),
('51','78','11','1980-03-05 09:58:35','Sit dignissimos et reiciendis fugit iste. Enim cumque est est. Itaque sint doloribus enim voluptatem. Rerum et esse quas sequi blanditiis dolor et.'),
('52','79','12','1990-09-03 15:39:13','Consequatur quibusdam quibusdam natus quo. Pariatur accusantium libero amet quis facilis. Occaecati inventore autem placeat sit voluptate eius autem. Odio ab ea eum voluptatem eligendi est.'),
('53','80','13','1994-09-16 02:39:11','Aperiam a sequi eum tempore architecto. Reprehenderit voluptates deserunt hic. Error et suscipit autem et.'),
('54','81','14','2016-09-27 20:38:48','Sed ducimus nemo totam doloremque non. Sequi enim quae vitae totam iste nisi ea. Omnis assumenda hic repellat odio. Iure sed voluptate est ab blanditiis cupiditate.'),
('55','82','15','2003-10-09 11:47:27','Quia cum impedit quisquam dolorem repellat. Qui voluptatem molestiae sunt fugiat et repudiandae. Id est hic dolores sapiente. Autem numquam est eos sed.'); 


INSERT INTO `comment_likes_dislikes` VALUES ('1','like','71','1','2016-02-19 15:29:23','1987-08-15 04:08:52'),
('2','like','72','2','2006-05-28 16:06:43','1991-04-05 04:07:31'),
('3','like','73','3','1993-01-09 14:21:03','2002-01-21 20:59:42'),
('4','dislike','75','4','1984-11-28 18:22:59','1986-01-26 00:05:52'),
('5','dislike','76','5','1992-09-01 21:29:50','1999-08-27 06:43:53'),
('6','dislike','78','6','2005-06-12 18:15:29','2014-10-29 12:09:50'),
('7','dislike','79','7','1975-08-15 12:14:29','1997-12-10 12:42:06'),
('8','dislike','80','8','2000-10-24 04:00:31','2018-09-07 16:26:37'),
('9','like','81','9','2017-09-03 23:30:23','2003-03-24 18:47:45'),
('10','dislike','82','10','1992-03-05 14:34:35','2020-03-15 12:06:04'),
('11','like','84','11','1994-05-19 19:07:40','1973-05-24 19:28:18'),
('12','dislike','86','12','1991-01-18 07:45:11','2003-05-22 15:38:51'),
('13','dislike','87','13','1989-12-24 16:17:06','1994-09-19 07:10:12'),
('14','dislike','88','14','1972-06-28 09:46:15','2005-02-17 08:23:30'),
('15','dislike','96','15','2002-03-30 10:17:03','2004-01-23 19:30:45'),
('16','dislike','97','16','2005-05-01 23:47:56','1996-01-10 07:04:11'),
('17','like','101','17','1988-11-13 18:27:40','1990-07-13 04:24:59'),
('18','dislike','102','18','1977-07-24 14:02:03','1982-07-20 07:02:16'),
('19','like','104','19','1994-07-06 03:16:36','2004-08-19 02:59:01'),
('20','like','105','20','2009-12-18 15:41:36','2013-06-16 15:36:57'),
('21','like','107','21','2004-04-07 10:08:13','2013-04-12 09:53:09'),
('22','dislike','108','22','1975-08-24 18:37:35','1985-07-02 09:30:02'),
('23','like','109','23','1986-07-17 23:11:35','2001-09-03 17:15:12'),
('24','dislike','110','24','1982-05-12 15:35:40','1985-04-01 23:20:52'),
('25','dislike','113','25','2010-10-17 15:40:37','1998-03-19 06:53:40'); 

INSERT INTO `views` VALUES ('1','71','1','2000-02-28 22:49:40'),
('2','72','2','1986-02-25 05:35:08'),
('3','73','3','1977-03-02 06:43:36'),
('4','75','4','2002-01-27 19:48:31'),
('5','76','5','1996-11-06 03:34:38'),
('6','78','6','1973-07-08 17:49:38'),
('7','79','7','1999-03-17 17:51:40'),
('8','80','8','2011-08-31 07:35:33'),
('9','81','9','2020-02-22 00:05:58'),
('10','82','10','1974-12-31 05:00:03'),
('11','84','11','1985-12-10 06:04:16'),
('12','86','12','2006-08-01 04:02:18'),
('13','87','13','2008-07-17 12:00:41'),
('14','88','14','2006-10-08 22:31:24'),
('15','96','15','2008-01-02 11:38:05'),
('16','97','16','1971-03-01 11:09:30'),
('17','101','17','1989-04-21 20:32:44'),
('18','102','18','2019-12-13 08:25:25'),
('19','104','19','2009-05-13 18:35:05'),
('20','105','20','1979-09-20 05:36:45'),
('21','107','21','1985-06-29 17:48:58'),
('22','108','22','1973-03-09 23:50:41'),
('23','109','23','2010-03-27 11:35:40'),
('24','110','24','1980-03-02 05:30:27'),
('25','113','25','1995-12-21 18:47:58'),
('26','115','26','1995-11-16 08:44:55'),
('27','117','27','1991-06-02 00:31:18'),
('28','118','28','2006-03-02 16:06:37'),
('29','119','29','1977-11-27 18:49:48'),
('30','120','30','1980-05-27 00:52:50'),
('31','121','31','2006-09-29 06:11:06'),
('32','122','32','2004-06-22 19:08:45'),
('33','123','33','1972-09-10 21:51:37'),
('34','124','34','1975-07-18 00:50:33'),
('35','125','35','2012-12-01 07:56:22'),
('36','126','36','2016-06-13 20:04:14'),
('37','127','37','2014-01-08 08:29:35'),
('38','129','38','1993-11-14 14:55:34'),
('39','130','39','2016-10-08 10:59:56'),
('40','131','40','1990-04-03 19:29:26'),
('41','134','1','1980-11-02 04:24:36'),
('42','136','2','1980-08-31 22:16:03'),
('43','137','3','1976-02-08 00:43:59'),
('44','139','4','1985-08-10 04:23:36'),
('45','140','5','2004-10-02 16:47:52'),
('46','71','6','1988-03-30 14:09:38'),
('47','72','7','1981-02-06 18:56:03'),
('48','73','8','1999-09-25 01:22:23'),
('49','75','9','1977-12-31 17:35:41'),
('50','76','10','1981-07-13 06:19:33'),
('51','78','11','1990-08-07 22:37:53'),
('52','79','12','1970-01-30 21:32:25'),
('53','80','13','2019-12-10 08:31:18'),
('54','81','14','2018-07-29 16:34:12'),
('55','82','15','2018-06-04 08:48:48'),
('56','84','16','2000-04-13 23:37:45'),
('57','86','17','2017-03-07 18:48:39'),
('58','87','18','2009-06-22 04:35:17'),
('59','88','19','2013-08-29 06:42:03'),
('60','96','20','1991-10-04 12:11:45'),
('61','97','21','1974-01-20 00:01:31'),
('62','101','22','2003-12-18 14:29:10'),
('63','102','23','1978-02-16 16:09:58'),
('64','104','24','2010-10-05 03:34:06'),
('65','105','25','2013-03-31 23:09:55'),
('66','107','26','1978-01-04 22:02:55'),
('67','108','27','1977-02-24 22:37:42'),
('68','109','28','2001-06-07 03:07:02'),
('69','110','29','2020-01-31 06:33:20'),
('70','113','30','2011-08-28 17:40:36'); 
